Date,Category,Description,Amount
18/02/2024,Travel,Credit,$7.97
19/10/2023,Food,Credit,$11.79
29/03/2024,Category,Credit,$51.49
11/05/2023,Entertainment,Debit,$51.23
05/08/2023,Entertainment,Debit,$65.96
30/11/2023,Transport,Credit,$94.98
29/09/2023,Travel,Debit,$99.54
13/12/2023,Category,Debit,$48.34
09/01/2024,Category,Debit,$73.29
03/03/2024,Personal Care,Credit,$81.15
16/07/2023,Category,Debit,$97.87
07/01/2024,Travel,Debit,$90.64
10/11/2023,Personal Care,Debit,$20.95
03/02/2024,Category,Debit,$53.38
20/04/2024,Category,Credit,$41.78
23/05/2023,Social Activities,Credit,$66.10
23/08/2023,Entertainment,Credit,$41.80
09/11/2023,Gifts & Donations,Debit,$80.85
31/03/2024,Food,Debit,$67.04
09/12/2023,Personal Care,Credit,$75.15
13/02/2024,Travel,Debit,$83.72
21/02/2023,Entertainment,Debit,$95.14
31/01/2024,Personal Care,Credit,$19.32
22/02/2024,Entertainment,Debit,$62.41
06/05/2024,Gifts & Donations,Debit,$41.00
27/06/2023,Category,Debit,$19.05
15/12/2023,Travel,Debit,$98.46
31/05/2023,Entertainment,Debit,$12.01
30/01/2024,Food,Credit,$42.69
11/03/2024,Entertainment,Credit,$75.63
06/02/2024,Food,Debit,$68.44
14/01/2024,Category,Credit,$55.30
17/09/2023,Entertainment,Debit,$22.88
15/05/2024,Gifts & Donations,Credit,$71.41
02/10/2023,Social Activities,Credit,$90.98
17/06/2024,Personal Care,Credit,$48.28
23/05/2024,Travel,Debit,$88.08
23/01/2024,Gifts & Donations,Debit,$25.22
15/06/2024,Social Activities,Credit,$30.27
31/05/2023,Entertainment,Debit,$57.85
03/02/2023,Food,Debit,$29.09
25/02/2023,Gifts & Donations,Credit,$96.93
27/11/2023,Entertainment,Credit,$78.25
04/04/2024,Travel,Credit,$19.72
11/06/2024,Personal Care,Debit,$12.16
06/01/2023,Category,Debit,$52.98
05/02/2023,Category,Debit,$55.29
20/05/2023,Transport,Credit,$43.84
16/01/2023,Medical Expenses,Debit,$59.28
25/03/2023,Personal Care,Debit,$11.67
20/03/2023,Entertainment,Credit,$6.43
25/09/2023,Gifts & Donations,Debit,$59.36
20/12/2023,Food,Credit,$44.84
26/01/2023,Category,Credit,$50.42
13/12/2023,Medical Expenses,Debit,$64.34
07/03/2023,Personal Care,Debit,$50.58
26/02/2023,Transport,Credit,$53.12
19/04/2024,Entertainment,Credit,$5.61
11/12/2023,Transport,Credit,$41.72
01/10/2023,Food,Debit,$95.57
01/03/2023,Social Activities,Debit,$5.21
01/06/2023,Medical Expenses,Credit,$47.62
28/02/2024,Medical Expenses,Credit,$44.78
15/01/2023,Food,Debit,$55.20
29/02/2024,Social Activities,Debit,$63.45
25/08/2023,Social Activities,Credit,$75.22
19/01/2024,Personal Care,Credit,$6.11
29/03/2024,Food,Debit,$25.88
12/09/2023,Food,Credit,$14.45
24/03/2023,Medical Expenses,Debit,$85.41
13/02/2024,Transport,Credit,$79.02
12/03/2023,Food,Debit,$70.18
17/01/2023,Food,Debit,$60.14
20/07/2023,Food,Debit,$75.33
28/05/2024,Category,Debit,$10.00
19/06/2024,Travel,Debit,$35.22
09/02/2023,Entertainment,Credit,$90.71
09/07/2023,Social Activities,Debit,$71.97
09/06/2023,Gifts & Donations,Debit,$57.23
13/02/2023,Transport,Debit,$24.40
10/04/2023,Food,Credit,$20.06
11/05/2023,Food,Debit,$40.63
24/02/2023,Travel,Debit,$13.99
04/04/2024,Personal Care,Debit,$56.94
23/04/2023,Entertainment,Credit,$53.35
29/05/2024,Personal Care,Credit,$15.44
19/09/2023,Social Activities,Credit,$67.51
16/03/2024,Transport,Credit,$51.29
27/09/2023,Transport,Debit,$33.72
08/09/2023,Entertainment,Credit,$70.45
05/02/2024,Medical Expenses,Debit,$24.60
11/10/2023,Social Activities,Debit,$28.24
01/06/2024,Gifts & Donations,Credit,$52.11
28/04/2023,Transport,Debit,$43.97
27/01/2024,Medical Expenses,Credit,$10.11
10/01/2023,Category,Credit,$82.59
10/12/2023,Category,Debit,$12.08
12/06/2023,Social Activities,Debit,$9.26
18/04/2023,Food,Credit,$78.11
23/10/2023,Food,Debit,$82.38
27/11/2023,Travel,Debit,$44.68
19/01/2023,Entertainment,Credit,$44.76
23/08/2023,Gifts & Donations,Credit,$73.18
12/02/2024,Category,Credit,$41.23
03/06/2024,Entertainment,Debit,$16.03
20/03/2023,Category,Debit,$22.36
15/06/2023,Social Activities,Debit,$85.35
08/05/2023,Gifts & Donations,Debit,$90.31
05/11/2023,Medical Expenses,Debit,$97.16
09/08/2023,Category,Credit,$44.57
08/09/2023,Personal Care,Credit,$41.57
10/06/2023,Medical Expenses,Credit,$11.79
14/12/2023,Food,Debit,$61.03
13/10/2023,Travel,Debit,$10.35
18/05/2023,Gifts & Donations,Debit,$43.65
21/03/2023,Food,Credit,$78.09
19/05/2024,Medical Expenses,Credit,$26.04
16/08/2023,Travel,Credit,$14.22
14/08/2023,Gifts & Donations,Credit,$53.16
12/01/2023,Entertainment,Debit,$47.02
16/02/2024,Transport,Credit,$73.37
29/09/2023,Social Activities,Debit,$26.75
03/02/2024,Personal Care,Debit,$12.65
03/04/2024,Gifts & Donations,Debit,$20.71
08/02/2023,Personal Care,Debit,$46.91
21/09/2023,Medical Expenses,Debit,$34.52
05/06/2023,Gifts & Donations,Credit,$88.21
08/05/2024,Social Activities,Credit,$58.02
12/01/2023,Travel,Debit,$100.63
06/06/2023,Food,Credit,$95.38
10/01/2023,Travel,Credit,$84.33
11/10/2023,Gifts & Donations,Credit,$19.68
15/03/2024,Food,Debit,$80.73
30/05/2024,Medical Expenses,Credit,$82.22
09/03/2023,Transport,Credit,$45.29
20/04/2023,Category,Credit,$97.47
03/01/2024,Gifts & Donations,Debit,$76.80
30/07/2023,Medical Expenses,Credit,$75.99
26/12/2023,Medical Expenses,Credit,$99.90
28/01/2023,Entertainment,Credit,$42.07
13/05/2023,Transport,Debit,$91.95
24/06/2023,Gifts & Donations,Debit,$69.39
30/12/2023,Medical Expenses,Credit,$74.15
25/04/2024,Travel,Credit,$54.51
25/04/2024,Social Activities,Credit,$57.54
20/10/2023,Transport,Credit,$84.57
27/03/2023,Gifts & Donations,Credit,$38.94
23/11/2023,Medical Expenses,Credit,$62.30
17/01/2023,Category,Debit,$30.04
15/11/2023,Gifts & Donations,Debit,$89.81
11/04/2023,Food,Credit,$72.26
23/09/2023,Personal Care,Debit,$41.64
22/09/2023,Category,Debit,$89.11
15/04/2023,Food,Credit,$94.90
18/09/2023,Transport,Debit,$66.29
04/01/2023,Category,Debit,$33.34
16/04/2024,Social Activities,Debit,$32.94
11/11/2023,Entertainment,Debit,$52.81
25/02/2024,Entertainment,Credit,$8.26
03/02/2023,Food,Debit,$86.31
11/05/2024,Social Activities,Debit,$69.46
27/07/2023,Travel,Debit,$96.80
21/09/2023,Personal Care,Debit,$92.26
11/04/2023,Transport,Credit,$74.75
14/11/2023,Medical Expenses,Debit,$46.92
27/04/2023,Travel,Debit,$97.09
04/04/2023,Travel,Debit,$73.03
28/06/2023,Transport,Debit,$40.51
30/05/2024,Medical Expenses,Debit,$15.99
13/05/2023,Travel,Credit,$7.66
20/12/2023,Medical Expenses,Debit,$48.66
10/12/2023,Personal Care,Credit,$22.04
06/01/2024,Category,Credit,$86.34
15/01/2023,Social Activities,Credit,$8.01
28/10/2023,Medical Expenses,Debit,$32.73
05/01/2024,Travel,Debit,$41.05
03/05/2023,Social Activities,Debit,$35.44
02/09/2023,Travel,Debit,$51.64
04/09/2023,Food,Debit,$56.07
18/01/2024,Food,Debit,$43.88
04/01/2024,Category,Debit,$19.85
29/09/2023,Gifts & Donations,Credit,$87.85
14/06/2024,Personal Care,Credit,$43.46
26/02/2023,Medical Expenses,Debit,$34.89
24/03/2024,Social Activities,Credit,$31.48
17/07/2023,Entertainment,Credit,$20.06
25/10/2023,Transport,Credit,$76.85
19/01/2023,Social Activities,Credit,$45.71
06/08/2023,Travel,Debit,$73.44
02/01/2023,Gifts & Donations,Credit,$71.57
24/10/2023,Social Activities,Debit,$89.84
08/08/2023,Medical Expenses,Debit,$45.03
19/10/2023,Personal Care,Credit,$68.44
20/01/2024,Travel,Debit,$62.66
20/08/2023,Transport,Debit,$10.57
25/09/2023,Transport,Credit,$46.13
09/06/2024,Travel,Credit,$10.97
11/05/2023,Personal Care,Debit,$70.48
01/04/2023,Travel,Debit,$15.25
25/08/2023,Food,Credit,$89.60
11/06/2023,Category,Credit,$88.66
10/01/2023,Category,Credit,$62.90
08/06/2023,Transport,Debit,$59.06
06/11/2023,Food,Debit,$21.70
02/08/2023,Travel,Credit,$79.55
05/02/2024,Social Activities,Credit,$39.45
27/03/2024,Food,Credit,$13.00
12/06/2024,Travel,Debit,$55.46
21/02/2023,Medical Expenses,Credit,$5.12
13/03/2023,Medical Expenses,Credit,$75.08
18/05/2023,Category,Debit,$6.92
18/04/2024,Personal Care,Credit,$35.49
30/01/2024,Personal Care,Debit,$59.41
27/12/2023,Gifts & Donations,Debit,$23.08
25/11/2023,Transport,Debit,$60.08
20/10/2023,Category,Credit,$99.91
05/08/2023,Travel,Debit,$10.58
23/11/2023,Transport,Credit,$17.71
29/03/2023,Travel,Credit,$80.64
18/05/2023,Food,Debit,$36.11
24/08/2023,Travel,Debit,$81.57
27/04/2024,Social Activities,Credit,$83.27
20/12/2023,Category,Credit,$19.00
06/07/2023,Transport,Credit,$52.06
23/01/2024,Food,Debit,$98.97
23/01/2024,Personal Care,Credit,$24.52
30/11/2023,Personal Care,Credit,$90.13
13/03/2024,Travel,Debit,$40.50
17/06/2023,Gifts & Donations,Debit,$16.01
29/06/2023,Transport,Credit,$44.88
14/04/2023,Medical Expenses,Credit,$20.02
02/03/2023,Gifts & Donations,Credit,$93.20
29/05/2024,Social Activities,Credit,$100.44
10/08/2023,Travel,Debit,$78.75
15/01/2023,Category,Credit,$39.00
03/01/2024,Travel,Credit,$72.06
27/01/2023,Social Activities,Debit,$74.70
02/03/2024,Medical Expenses,Debit,$59.78
22/03/2023,Medical Expenses,Credit,$70.60
28/09/2023,Personal Care,Credit,$70.84
27/12/2023,Social Activities,Debit,$88.54
06/09/2023,Transport,Debit,$97.13
04/01/2024,Transport,Credit,$58.11
12/08/2023,Category,Debit,$10.69
23/09/2023,Category,Credit,$63.09
09/05/2024,Category,Credit,$55.88
09/03/2024,Social Activities,Debit,$42.19
16/06/2023,Personal Care,Debit,$75.85
09/08/2023,Food,Debit,$37.05
03/12/2023,Social Activities,Credit,$68.14
19/06/2023,Food,Debit,$98.91
01/06/2023,Travel,Debit,$57.13
21/05/2024,Gifts & Donations,Debit,$39.45
18/06/2024,Personal Care,Credit,$78.67
14/03/2024,Entertainment,Credit,$35.25
23/01/2024,Gifts & Donations,Credit,$52.13
27/12/2023,Travel,Debit,$44.05
24/11/2023,Travel,Credit,$68.90
05/10/2023,Travel,Debit,$95.06
19/05/2024,Social Activities,Credit,$59.17
05/04/2023,Gifts & Donations,Debit,$19.65
29/11/2023,Gifts & Donations,Credit,$98.71
20/06/2023,Food,Debit,$72.65
18/06/2023,Food,Credit,$90.47
17/04/2023,Travel,Credit,$9.53
24/01/2023,Personal Care,Credit,$35.38
10/01/2023,Category,Debit,$81.88
03/04/2023,Gifts & Donations,Debit,$26.16
04/02/2023,Entertainment,Credit,$18.89
13/11/2023,Social Activities,Credit,$50.57
18/02/2023,Category,Credit,$57.19
21/10/2023,Gifts & Donations,Credit,$23.91
04/01/2024,Medical Expenses,Debit,$60.23
18/04/2024,Travel,Credit,$100.25
21/02/2024,Transport,Credit,$99.01
13/01/2024,Social Activities,Debit,$70.46
19/04/2024,Entertainment,Debit,$9.72
14/09/2023,Category,Debit,$85.81
03/05/2024,Medical Expenses,Debit,$46.60
11/05/2024,Transport,Credit,$21.29
01/02/2023,Category,Credit,$47.18
12/04/2024,Transport,Debit,$99.01
28/04/2023,Entertainment,Debit,$63.94
23/05/2023,Category,Credit,$21.15
30/01/2024,Food,Debit,$30.15
26/01/2024,Category,Debit,$21.32
14/11/2023,Travel,Credit,$91.65
13/03/2023,Category,Credit,$90.32
05/05/2024,Personal Care,Credit,$83.30
07/01/2023,Medical Expenses,Credit,$24.82
05/05/2023,Personal Care,Credit,$88.74
31/08/2023,Category,Credit,$83.64
21/12/2023,Personal Care,Debit,$6.99
20/05/2023,Gifts & Donations,Credit,$46.79
14/07/2023,Social Activities,Credit,$17.73
06/02/2024,Food,Debit,$86.83
16/03/2024,Medical Expenses,Credit,$49.75
30/03/2023,Medical Expenses,Credit,$39.58
30/12/2023,Transport,Credit,$11.61
11/01/2023,Medical Expenses,Credit,$17.59
28/07/2023,Entertainment,Credit,$13.20
13/05/2024,Social Activities,Credit,$51.48
19/10/2023,Travel,Debit,$31.46
01/08/2023,Category,Debit,$85.51
29/09/2023,Social Activities,Credit,$49.37
19/04/2023,Social Activities,Debit,$93.63
11/10/2023,Category,Debit,$44.78
19/12/2023,Gifts & Donations,Debit,$43.71
24/02/2024,Transport,Credit,$68.66
14/06/2023,Personal Care,Debit,$24.11
22/01/2024,Travel,Debit,$100.91
17/08/2023,Food,Credit,$9.85
06/04/2023,Gifts & Donations,Debit,$26.84
03/08/2023,Entertainment,Credit,$54.86
13/05/2024,Food,Credit,$38.07
11/08/2023,Entertainment,Credit,$63.88
07/08/2023,Food,Credit,$67.79
06/12/2023,Travel,Credit,$24.11
22/03/2024,Gifts & Donations,Credit,$66.78
10/09/2023,Social Activities,Debit,$95.62
22/09/2023,Category,Credit,$40.95
15/05/2024,Travel,Credit,$23.33
07/02/2024,Entertainment,Debit,$82.84
28/05/2023,Entertainment,Credit,$45.16
24/03/2024,Category,Debit,$23.62
06/05/2024,Food,Debit,$82.93
21/04/2024,Social Activities,Credit,$72.12
05/09/2023,Social Activities,Credit,$43.49
06/05/2024,Category,Debit,$83.58
25/12/2023,Entertainment,Credit,$11.29
25/08/2023,Gifts & Donations,Credit,$91.68
19/11/2023,Transport,Credit,$59.08
25/10/2023,Food,Debit,$62.76
01/10/2023,Entertainment,Credit,$51.77
10/05/2023,Category,Credit,$88.16
17/06/2024,Social Activities,Credit,$58.15
05/09/2023,Travel,Debit,$86.79
21/12/2023,Personal Care,Credit,$84.81
27/05/2023,Social Activities,Credit,$56.37
13/08/2023,Food,Credit,$34.86
08/12/2023,Travel,Debit,$48.78
09/01/2024,Entertainment,Debit,$56.28
01/12/2023,Category,Credit,$40.56
14/02/2023,Gifts & Donations,Credit,$98.70
08/03/2023,Travel,Debit,$36.61
20/06/2024,Travel,Credit,$66.68
26/05/2023,Medical Expenses,Debit,$56.68
07/02/2024,Transport,Debit,$43.90
29/09/2023,Medical Expenses,Credit,$28.51
09/01/2023,Category,Credit,$40.79
08/07/2023,Personal Care,Credit,$90.80
14/01/2024,Category,Credit,$52.45
16/08/2023,Category,Debit,$86.94
04/05/2024,Food,Credit,$92.03
01/08/2023,Food,Debit,$62.39
26/09/2023,Food,Credit,$100.17
21/09/2023,Food,Debit,$11.72
03/09/2023,Entertainment,Credit,$89.44
30/08/2023,Transport,Debit,$83.07
07/01/2024,Food,Debit,$42.95
20/04/2024,Category,Credit,$18.19
23/06/2023,Medical Expenses,Debit,$51.15
08/03/2024,Food,Debit,$80.16
11/11/2023,Social Activities,Credit,$18.94
07/06/2024,Social Activities,Credit,$93.76
18/01/2024,Social Activities,Debit,$54.81
06/11/2023,Medical Expenses,Debit,$10.12
02/04/2024,Entertainment,Credit,$32.55
19/08/2023,Travel,Credit,$36.02
30/04/2023,Social Activities,Debit,$65.09
21/05/2023,Personal Care,Debit,$93.62
09/06/2023,Travel,Credit,$26.31
23/06/2023,Medical Expenses,Credit,$99.55
17/02/2023,Personal Care,Credit,$45.57
07/06/2024,Gifts & Donations,Debit,$16.81
22/07/2023,Transport,Debit,$28.09
08/05/2024,Social Activities,Debit,$49.74
22/10/2023,Gifts & Donations,Debit,$50.39
15/06/2024,Entertainment,Credit,$45.28
04/03/2023,Personal Care,Debit,$94.17
22/05/2024,Gifts & Donations,Debit,$63.54
24/03/2024,Social Activities,Credit,$27.52
19/04/2024,Medical Expenses,Credit,$83.50
14/05/2024,Social Activities,Debit,$76.18
01/08/2023,Personal Care,Debit,$95.87
14/09/2023,Social Activities,Credit,$35.60
28/10/2023,Food,Credit,$13.77
05/09/2023,Medical Expenses,Credit,$25.94
08/03/2023,Travel,Credit,$23.04
15/05/2024,Entertainment,Debit,$97.64
28/02/2023,Personal Care,Credit,$32.14
08/06/2024,Travel,Debit,$76.58
21/01/2024,Gifts & Donations,Debit,$19.44
29/05/2023,Gifts & Donations,Debit,$30.03
28/11/2023,Food,Debit,$35.74
01/02/2023,Personal Care,Credit,$76.67
19/09/2023,Food,Credit,$79.46
27/11/2023,Entertainment,Credit,$66.66
23/12/2023,Category,Credit,$57.32
29/04/2023,Social Activities,Credit,$71.12
18/12/2023,Social Activities,Credit,$100.29
14/03/2023,Travel,Debit,$81.18
02/10/2023,Medical Expenses,Credit,$31.20
06/06/2024,Category,Debit,$45.03
23/05/2023,Food,Debit,$67.00
09/04/2023,Food,Credit,$89.53
21/01/2024,Travel,Debit,$39.82
07/05/2023,Social Activities,Credit,$63.87
11/12/2023,Transport,Credit,$73.22
12/12/2023,Social Activities,Credit,$72.41
24/03/2023,Travel,Debit,$52.51
24/08/2023,Medical Expenses,Credit,$35.60
04/01/2024,Personal Care,Debit,$50.20
06/04/2024,Personal Care,Credit,$29.36
19/05/2023,Social Activities,Credit,$75.28
18/12/2023,Personal Care,Credit,$8.69
29/01/2024,Food,Debit,$55.13
09/03/2024,Transport,Credit,$88.36
18/12/2023,Personal Care,Debit,$45.73
22/01/2023,Travel,Debit,$68.01
30/03/2023,Entertainment,Credit,$60.93
18/02/2024,Entertainment,Credit,$73.43
29/03/2023,Entertainment,Credit,$63.34
26/09/2023,Food,Debit,$25.10
23/09/2023,Food,Debit,$62.94
28/02/2024,Gifts & Donations,Debit,$54.52
12/11/2023,Social Activities,Debit,$47.76
02/05/2024,Travel,Debit,$39.46
25/03/2023,Medical Expenses,Credit,$72.26
29/05/2023,Medical Expenses,Debit,$68.56
18/12/2023,Food,Debit,$34.87
24/09/2023,Transport,Debit,$100.57
26/03/2024,Entertainment,Debit,$80.60
03/02/2024,Category,Debit,$22.63
25/04/2024,Travel,Debit,$75.73
17/05/2024,Gifts & Donations,Credit,$46.06
24/02/2024,Medical Expenses,Credit,$92.83
19/05/2023,Entertainment,Credit,$15.52
23/05/2023,Medical Expenses,Credit,$11.67
26/09/2023,Transport,Debit,$6.03
05/02/2023,Social Activities,Debit,$78.80
03/09/2023,Travel,Debit,$30.19
15/03/2024,Food,Debit,$73.16
03/05/2023,Food,Credit,$10.54
19/12/2023,Transport,Credit,$100.97
05/02/2023,Travel,Credit,$58.86
25/03/2024,Category,Credit,$37.23
29/06/2023,Personal Care,Debit,$67.87
15/11/2023,Travel,Debit,$91.83
25/12/2023,Travel,Credit,$29.77
09/07/2023,Entertainment,Debit,$34.48
22/05/2023,Category,Debit,$56.78
13/09/2023,Social Activities,Credit,$100.40
12/05/2023,Medical Expenses,Debit,$88.80
01/04/2023,Gifts & Donations,Credit,$31.08
07/01/2024,Category,Credit,$21.17
25/03/2023,Personal Care,Credit,$50.08
03/05/2023,Gifts & Donations,Credit,$53.53
18/02/2023,Food,Debit,$74.25
06/09/2023,Social Activities,Credit,$79.70
18/06/2023,Social Activities,Debit,$31.72
17/05/2023,Personal Care,Credit,$95.48
11/06/2023,Transport,Debit,$88.09
25/04/2024,Food,Credit,$73.38
05/09/2023,Food,Credit,$75.71
13/10/2023,Medical Expenses,Credit,$80.43
23/09/2023,Gifts & Donations,Debit,$18.75
12/04/2023,Gifts & Donations,Credit,$85.03
14/01/2024,Entertainment,Debit,$65.37
15/02/2024,Medical Expenses,Credit,$38.28
01/12/2023,Gifts & Donations,Debit,$35.37
21/12/2023,Gifts & Donations,Credit,$48.24
27/10/2023,Travel,Credit,$30.02
10/04/2024,Personal Care,Debit,$27.69
17/05/2024,Personal Care,Credit,$85.25
07/07/2023,Gifts & Donations,Credit,$96.33
11/05/2024,Food,Credit,$100.49
04/06/2023,Social Activities,Debit,$70.55
27/04/2023,Gifts & Donations,Debit,$10.14
02/04/2023,Medical Expenses,Debit,$58.17
16/08/2023,Gifts & Donations,Debit,$16.91
17/11/2023,Food,Credit,$25.97
23/01/2023,Transport,Credit,$33.67
22/02/2023,Transport,Credit,$49.02
10/02/2023,Personal Care,Credit,$27.15
14/04/2023,Food,Credit,$11.35
04/04/2023,Travel,Credit,$8.23
20/02/2023,Transport,Debit,$42.85
10/10/2023,Transport,Credit,$37.06
21/06/2023,Personal Care,Credit,$55.76
11/04/2023,Food,Credit,$70.95
19/07/2023,Gifts & Donations,Credit,$45.58
12/04/2024,Transport,Credit,$46.57
23/07/2023,Entertainment,Debit,$22.63
19/02/2024,Entertainment,Debit,$60.50
14/07/2023,Travel,Credit,$51.35
13/07/2023,Travel,Debit,$27.23
27/08/2023,Category,Credit,$54.52
09/04/2023,Social Activities,Debit,$37.78
14/04/2023,Transport,Debit,$8.72
09/05/2023,Personal Care,Debit,$38.67
27/03/2023,Food,Debit,$59.43
14/02/2024,Personal Care,Debit,$60.91
20/03/2024,Food,Credit,$71.38
25/04/2023,Gifts & Donations,Debit,$8.24
14/03/2024,Food,Credit,$56.00
25/09/2023,Social Activities,Debit,$71.01
10/01/2023,Gifts & Donations,Debit,$79.85
09/03/2023,Personal Care,Debit,$36.59
02/03/2023,Gifts & Donations,Debit,$45.48
25/03/2023,Personal Care,Debit,$29.54
18/03/2023,Medical Expenses,Credit,$27.13
23/12/2023,Social Activities,Credit,$31.12
25/06/2023,Social Activities,Debit,$32.33
23/10/2023,Entertainment,Debit,$11.43
19/10/2023,Gifts & Donations,Credit,$35.41
12/03/2023,Gifts & Donations,Debit,$40.56
03/06/2024,Personal Care,Credit,$60.85
05/05/2023,Medical Expenses,Debit,$20.15
29/08/2023,Gifts & Donations,Debit,$86.19
05/11/2023,Social Activities,Credit,$64.91
05/12/2023,Social Activities,Debit,$62.28
05/05/2024,Personal Care,Debit,$5.35
31/01/2024,Food,Debit,$17.53
03/04/2024,Medical Expenses,Credit,$74.75
28/02/2024,Entertainment,Credit,$21.04
18/01/2024,Food,Credit,$92.88
30/01/2024,Social Activities,Debit,$81.13
01/11/2023,Category,Debit,$39.57
18/08/2023,Transport,Debit,$5.31
20/09/2023,Travel,Debit,$46.34
01/02/2023,Gifts & Donations,Debit,$6.58
07/02/2023,Entertainment,Debit,$55.48
01/01/2023,Travel,Credit,$36.01
17/05/2023,Food,Debit,$7.30
02/06/2024,Gifts & Donations,Debit,$12.05
16/05/2023,Transport,Credit,$40.66
17/05/2024,Travel,Debit,$76.79
01/06/2024,Food,Debit,$46.93
08/02/2023,Category,Credit,$15.00
09/03/2023,Gifts & Donations,Credit,$12.34
21/01/2023,Entertainment,Credit,$56.75
13/02/2024,Gifts & Donations,Debit,$57.70
13/06/2023,Entertainment,Credit,$43.90
13/01/2024,Social Activities,Debit,$75.09
12/09/2023,Medical Expenses,Credit,$65.93
05/03/2023,Entertainment,Debit,$76.44
16/05/2024,Medical Expenses,Debit,$92.04
11/04/2023,Travel,Credit,$13.77
19/12/2023,Social Activities,Credit,$21.75
22/03/2023,Entertainment,Debit,$78.75
01/02/2023,Social Activities,Debit,$47.76
14/05/2024,Food,Credit,$83.53
20/06/2023,Transport,Debit,$34.00
08/03/2024,Social Activities,Credit,$89.70
27/09/2023,Category,Debit,$95.82
20/04/2023,Food,Credit,$63.47
11/04/2023,Gifts & Donations,Debit,$64.03
26/10/2023,Transport,Credit,$73.28
01/04/2023,Travel,Debit,$83.75
22/07/2023,Category,Debit,$16.06
12/05/2023,Category,Credit,$41.22
25/12/2023,Food,Credit,$13.98
18/06/2024,Medical Expenses,Debit,$19.25
24/01/2024,Gifts & Donations,Credit,$88.32
26/05/2023,Food,Debit,$52.02
15/03/2023,Gifts & Donations,Credit,$80.58
17/07/2023,Gifts & Donations,Credit,$33.12
21/12/2023,Gifts & Donations,Credit,$37.39
06/08/2023,Medical Expenses,Credit,$91.87
25/04/2024,Personal Care,Credit,$84.80
08/09/2023,Category,Credit,$13.28
26/05/2024,Personal Care,Credit,$90.09
09/04/2024,Entertainment,Debit,$61.05
17/05/2024,Travel,Debit,$15.73
23/06/2023,Transport,Credit,$87.79
12/02/2023,Social Activities,Debit,$47.31
05/09/2023,Category,Credit,$80.16
25/11/2023,Travel,Debit,$14.89
11/10/2023,Category,Debit,$88.98
20/12/2023,Medical Expenses,Debit,$94.68
19/10/2023,Gifts & Donations,Debit,$82.72
16/09/2023,Entertainment,Credit,$11.46
27/07/2023,Category,Debit,$88.11
19/12/2023,Food,Debit,$89.72
08/03/2023,Personal Care,Debit,$58.28
05/01/2024,Entertainment,Debit,$29.07
14/02/2023,Category,Debit,$83.07
20/03/2024,Travel,Debit,$74.21
25/07/2023,Social Activities,Debit,$88.78
21/02/2023,Food,Credit,$55.08
28/02/2024,Food,Credit,$19.18
05/01/2024,Travel,Credit,$74.90
12/10/2023,Personal Care,Debit,$6.22
06/02/2023,Social Activities,Debit,$81.34
06/01/2023,Social Activities,Credit,$100.12
10/04/2023,Medical Expenses,Debit,$61.48
08/06/2024,Medical Expenses,Debit,$13.92
28/01/2023,Food,Debit,$25.85
25/07/2023,Transport,Credit,$24.27
10/02/2023,Medical Expenses,Credit,$11.44
15/02/2023,Category,Debit,$25.75
20/04/2024,Category,Credit,$60.74
26/01/2023,Medical Expenses,Credit,$29.30
03/06/2024,Category,Credit,$27.45
07/07/2023,Gifts & Donations,Debit,$71.19
03/02/2023,Travel,Credit,$92.52
24/05/2023,Category,Debit,$24.77
18/05/2024,Personal Care,Credit,$28.22
14/01/2024,Gifts & Donations,Debit,$45.21
01/01/2023,Food,Credit,$91.59
21/06/2023,Social Activities,Debit,$38.81
27/10/2023,Gifts & Donations,Debit,$62.01
13/03/2024,Gifts & Donations,Debit,$48.18
29/02/2024,Gifts & Donations,Debit,$68.32
04/05/2024,Entertainment,Credit,$34.40
18/05/2023,Medical Expenses,Credit,$45.21
24/11/2023,Category,Debit,$38.40
14/01/2024,Personal Care,Credit,$16.39
15/05/2023,Travel,Credit,$54.76
24/04/2024,Travel,Credit,$24.75
30/01/2023,Travel,Debit,$78.85
05/06/2023,Entertainment,Credit,$84.98
27/11/2023,Transport,Credit,$64.82
02/11/2023,Food,Credit,$94.27
17/02/2023,Transport,Credit,$38.34
15/01/2024,Category,Credit,$21.11
01/04/2024,Food,Debit,$6.82
07/02/2024,Food,Credit,$69.11
09/06/2024,Travel,Debit,$99.22
20/11/2023,Travel,Debit,$26.32
29/07/2023,Medical Expenses,Credit,$56.49
19/05/2024,Category,Credit,$98.77
12/04/2024,Food,Credit,$94.13
11/01/2024,Transport,Credit,$58.21
23/10/2023,Entertainment,Debit,$29.33
03/06/2023,Food,Debit,$71.39
24/02/2023,Entertainment,Debit,$35.62
20/05/2024,Entertainment,Credit,$6.85
12/12/2023,Social Activities,Credit,$70.06
29/01/2024,Travel,Debit,$13.22
24/01/2023,Category,Credit,$23.59
08/02/2023,Transport,Credit,$22.92
27/02/2023,Social Activities,Credit,$87.12
21/09/2023,Medical Expenses,Debit,$23.29
10/10/2023,Social Activities,Debit,$89.82
16/03/2023,Food,Credit,$82.97
03/05/2023,Personal Care,Debit,$29.86
25/05/2024,Food,Debit,$5.69
22/12/2023,Travel,Debit,$61.11
17/11/2023,Medical Expenses,Credit,$81.43
25/05/2023,Travel,Credit,$33.80
25/07/2023,Travel,Credit,$91.23
25/02/2024,Entertainment,Debit,$37.72
24/06/2023,Medical Expenses,Debit,$38.08
23/01/2024,Category,Debit,$10.02
22/02/2023,Personal Care,Debit,$28.28
04/09/2023,Category,Debit,$69.23
12/03/2023,Medical Expenses,Debit,$26.16
19/04/2023,Entertainment,Credit,$46.79
13/03/2023,Category,Credit,$22.15
14/02/2023,Medical Expenses,Credit,$79.94
02/01/2023,Medical Expenses,Credit,$52.33
20/01/2023,Transport,Credit,$76.64
15/04/2024,Gifts & Donations,Credit,$14.31
19/06/2023,Gifts & Donations,Credit,$10.44
05/01/2024,Personal Care,Debit,$12.06
06/04/2024,Travel,Credit,$68.79
31/08/2023,Medical Expenses,Credit,$28.22
30/01/2024,Travel,Credit,$10.96
11/06/2024,Gifts & Donations,Credit,$89.39
10/01/2024,Entertainment,Debit,$91.57
10/04/2023,Food,Credit,$40.68
12/08/2023,Category,Debit,$46.70
04/08/2023,Transport,Credit,$53.95
17/03/2024,Medical Expenses,Debit,$6.07
17/04/2024,Entertainment,Debit,$57.93
12/03/2024,Medical Expenses,Debit,$46.15
02/04/2024,Medical Expenses,Debit,$73.71
01/08/2023,Personal Care,Credit,$35.36
10/04/2023,Category,Credit,$48.87
01/05/2023,Food,Credit,$85.16
09/05/2023,Transport,Credit,$26.86
28/05/2023,Personal Care,Debit,$76.03
17/04/2024,Food,Debit,$74.14
19/06/2023,Category,Debit,$70.30
19/05/2024,Gifts & Donations,Credit,$35.86
16/12/2023,Personal Care,Credit,$10.69
21/08/2023,Category,Credit,$29.06
19/01/2024,Travel,Debit,$86.66
28/09/2023,Travel,Debit,$64.50
12/03/2023,Personal Care,Credit,$97.77
26/03/2024,Personal Care,Credit,$57.46
18/07/2023,Category,Credit,$54.20
16/05/2024,Travel,Debit,$84.39
11/01/2024,Transport,Debit,$77.97
05/07/2023,Entertainment,Debit,$42.01
29/09/2023,Personal Care,Debit,$20.39
29/08/2023,Food,Credit,$28.57
08/10/2023,Entertainment,Credit,$78.83
10/07/2023,Category,Credit,$55.63
23/05/2023,Personal Care,Debit,$44.57
08/12/2023,Category,Debit,$63.71
20/05/2024,Food,Credit,$68.53
15/09/2023,Travel,Debit,$23.99
03/03/2024,Personal Care,Credit,$7.33
04/11/2023,Gifts & Donations,Debit,$27.40
23/02/2023,Travel,Debit,$35.89
03/09/2023,Entertainment,Debit,$53.24
11/07/2023,Entertainment,Credit,$80.01
29/09/2023,Category,Debit,$84.51
23/10/2023,Category,Debit,$95.92
05/08/2023,Personal Care,Debit,$18.44
08/06/2023,Personal Care,Debit,$16.84
16/08/2023,Category,Debit,$23.32
04/05/2024,Category,Credit,$54.79
05/12/2023,Food,Credit,$89.40
23/02/2023,Food,Credit,$68.50
08/06/2024,Food,Credit,$81.27
16/02/2023,Category,Debit,$83.74
24/03/2023,Gifts & Donations,Credit,$91.78
09/10/2023,Transport,Credit,$22.07
23/05/2024,Gifts & Donations,Credit,$7.30
01/03/2024,Gifts & Donations,Credit,$63.40
15/02/2024,Entertainment,Debit,$83.81
01/03/2024,Social Activities,Credit,$49.72
02/01/2024,Entertainment,Credit,$42.21
05/05/2023,Food,Credit,$78.65
12/10/2023,Category,Debit,$93.86
30/03/2023,Medical Expenses,Credit,$19.49
23/01/2024,Medical Expenses,Debit,$21.45
26/09/2023,Food,Credit,$35.82
11/08/2023,Medical Expenses,Credit,$18.75
15/02/2024,Medical Expenses,Debit,$59.01
18/02/2023,Gifts & Donations,Credit,$27.34
26/05/2024,Medical Expenses,Credit,$73.96
24/01/2024,Transport,Credit,$67.58
17/07/2023,Transport,Credit,$16.21
15/12/2023,Personal Care,Credit,$88.69
18/02/2023,Food,Credit,$98.45
01/01/2023,Medical Expenses,Debit,$19.43
15/02/2023,Entertainment,Credit,$81.14
11/04/2023,Entertainment,Credit,$13.06
06/02/2024,Gifts & Donations,Credit,$30.24
01/02/2023,Gifts & Donations,Credit,$23.18
03/04/2023,Social Activities,Credit,$69.52
22/04/2024,Personal Care,Debit,$72.38
27/04/2023,Category,Debit,$22.38
21/03/2024,Gifts & Donations,Debit,$20.34
27/01/2023,Transport,Credit,$73.70
19/04/2023,Medical Expenses,Credit,$90.69
13/02/2024,Travel,Debit,$85.67
19/03/2024,Medical Expenses,Debit,$75.66
30/08/2023,Category,Debit,$16.11
18/03/2023,Medical Expenses,Debit,$34.01
12/07/2023,Personal Care,Credit,$48.66
02/02/2023,Social Activities,Debit,$96.90
01/01/2023,Personal Care,Credit,$96.36
02/10/2023,Personal Care,Credit,$98.70
10/05/2024,Personal Care,Debit,$6.32
11/09/2023,Entertainment,Debit,$27.92
20/01/2023,Travel,Credit,$10.57
30/10/2023,Travel,Debit,$32.90
12/04/2023,Transport,Credit,$37.92
17/06/2024,Category,Debit,$91.15
15/05/2023,Personal Care,Debit,$21.64
21/04/2023,Personal Care,Debit,$7.82
09/08/2023,Medical Expenses,Credit,$57.20
17/12/2023,Travel,Debit,$13.99
03/06/2024,Medical Expenses,Debit,$93.53
22/04/2024,Category,Credit,$28.00
20/10/2023,Medical Expenses,Credit,$64.78
18/06/2023,Transport,Debit,$18.71
20/03/2023,Entertainment,Debit,$21.66
15/06/2024,Medical Expenses,Debit,$28.78
08/02/2023,Transport,Credit,$82.26
20/04/2024,Transport,Credit,$90.95
23/05/2024,Gifts & Donations,Debit,$78.14
19/11/2023,Transport,Credit,$23.61
08/02/2024,Travel,Debit,$93.67
05/04/2023,Social Activities,Credit,$30.76
08/11/2023,Social Activities,Credit,$68.35
16/07/2023,Food,Debit,$12.03
30/11/2023,Category,Credit,$81.07
26/03/2024,Transport,Debit,$26.03
01/10/2023,Medical Expenses,Debit,$12.15
03/04/2023,Transport,Debit,$89.29
05/05/2023,Entertainment,Debit,$44.49
12/05/2023,Social Activities,Debit,$16.40
27/08/2023,Social Activities,Debit,$13.65
01/06/2023,Transport,Credit,$36.06
31/01/2024,Personal Care,Debit,$56.58
13/09/2023,Medical Expenses,Debit,$65.36
22/09/2023,Transport,Debit,$83.32
31/01/2024,Gifts & Donations,Credit,$62.64
22/12/2023,Category,Debit,$93.58
09/02/2023,Medical Expenses,Credit,$22.87
30/03/2024,Medical Expenses,Debit,$18.12
12/01/2024,Entertainment,Credit,$78.67
27/07/2023,Personal Care,Credit,$22.48
09/11/2023,Food,Debit,$44.83
05/02/2024,Category,Debit,$52.47
24/01/2024,Medical Expenses,Credit,$92.26
09/03/2023,Gifts & Donations,Debit,$20.57
07/09/2023,Social Activities,Credit,$97.24
05/03/2023,Gifts & Donations,Debit,$40.64
16/02/2024,Transport,Debit,$14.87
13/06/2024,Medical Expenses,Debit,$37.64
10/08/2023,Entertainment,Debit,$85.71
08/05/2023,Entertainment,Debit,$48.77
04/06/2023,Travel,Debit,$84.62
14/06/2024,Entertainment,Debit,$42.58
24/12/2023,Food,Credit,$5.99
14/04/2024,Category,Debit,$49.46
05/10/2023,Food,Credit,$52.71
13/05/2023,Transport,Debit,$27.17
17/09/2023,Medical Expenses,Debit,$9.32
11/06/2024,Social Activities,Credit,$25.82
27/11/2023,Gifts & Donations,Debit,$96.11
16/09/2023,Transport,Debit,$8.24
26/10/2023,Personal Care,Debit,$95.01
06/01/2024,Social Activities,Credit,$60.31
02/07/2023,Social Activities,Credit,$43.75
27/02/2024,Gifts & Donations,Credit,$5.55
01/02/2024,Travel,Credit,$40.45
06/08/2023,Travel,Debit,$10.85
24/07/2023,Transport,Credit,$5.91
16/04/2023,Social Activities,Credit,$95.07
07/04/2023,Personal Care,Credit,$15.49
06/04/2023,Personal Care,Credit,$44.93
18/11/2023,Food,Credit,$100.48
18/04/2024,Medical Expenses,Credit,$92.42
25/11/2023,Social Activities,Credit,$40.88
04/03/2023,Category,Credit,$56.74
02/06/2024,Social Activities,Debit,$34.21
10/06/2024,Food,Credit,$54.75
26/05/2023,Medical Expenses,Credit,$26.22
07/09/2023,Personal Care,Credit,$33.60
13/03/2023,Category,Debit,$83.34
16/05/2024,Category,Credit,$64.35
29/01/2024,Social Activities,Debit,$35.60
17/04/2023,Transport,Debit,$39.16
01/05/2023,Social Activities,Debit,$80.07
19/05/2024,Transport,Credit,$46.64
13/12/2023,Personal Care,Debit,$70.84
06/08/2023,Food,Debit,$98.12
03/11/2023,Gifts & Donations,Credit,$22.73
03/10/2023,Entertainment,Debit,$43.37
01/06/2023,Personal Care,Credit,$37.15
02/09/2023,Transport,Debit,$26.53
24/04/2024,Travel,Credit,$83.72
17/10/2023,Medical Expenses,Debit,$35.26
05/11/2023,Transport,Credit,$85.44
15/01/2023,Entertainment,Credit,$51.82
07/12/2023,Travel,Credit,$67.57
02/02/2023,Medical Expenses,Credit,$49.42
13/05/2023,Transport,Credit,$9.68
21/05/2023,Transport,Credit,$87.17
05/05/2024,Social Activities,Debit,$56.55
09/01/2023,Transport,Credit,$94.05
24/10/2023,Food,Debit,$91.11
08/01/2023,Category,Debit,$76.94
01/05/2024,Medical Expenses,Debit,$35.90
02/12/2023,Transport,Credit,$17.56
11/02/2023,Personal Care,Debit,$83.10
12/05/2024,Travel,Debit,$19.11
05/06/2023,Gifts & Donations,Debit,$18.42
31/10/2023,Gifts & Donations,Credit,$43.97
21/01/2023,Travel,Debit,$93.92
15/05/2023,Social Activities,Debit,$16.08
21/01/2024,Food,Debit,$25.03
16/04/2023,Gifts & Donations,Credit,$22.16
03/10/2023,Personal Care,Debit,$54.93
06/02/2024,Travel,Debit,$51.23
20/05/2023,Food,Debit,$58.71
25/01/2023,Transport,Credit,$92.50
25/02/2023,Transport,Debit,$30.72
21/01/2024,Medical Expenses,Credit,$79.09
02/03/2023,Entertainment,Debit,$42.67
30/09/2023,Gifts & Donations,Debit,$8.75
31/10/2023,Category,Credit,$99.32
20/03/2023,Social Activities,Debit,$10.04
05/04/2024,Travel,Credit,$17.77
24/03/2023,Social Activities,Credit,$43.43
09/02/2023,Personal Care,Credit,$25.48
06/06/2023,Social Activities,Debit,$9.90
19/02/2023,Travel,Credit,$33.66
05/08/2023,Travel,Debit,$17.93
08/05/2024,Personal Care,Credit,$82.70
17/10/2023,Category,Debit,$57.74
09/04/2023,Personal Care,Debit,$71.99
17/06/2023,Gifts & Donations,Credit,$78.07
31/10/2023,Personal Care,Debit,$20.43
07/04/2023,Transport,Debit,$51.89
27/10/2023,Personal Care,Credit,$73.70
26/02/2023,Personal Care,Debit,$13.93
20/05/2023,Transport,Debit,$100.62
24/04/2024,Transport,Debit,$66.93
22/05/2024,Transport,Credit,$62.31
22/01/2024,Travel,Debit,$16.19
14/10/2023,Gifts & Donations,Credit,$77.65
26/02/2023,Travel,Debit,$11.13
18/12/2023,Category,Credit,$99.64
12/06/2024,Gifts & Donations,Debit,$14.20
24/05/2023,Food,Debit,$89.20
08/02/2023,Medical Expenses,Debit,$94.63
24/02/2023,Social Activities,Credit,$22.42
17/06/2023,Travel,Debit,$49.48
30/04/2023,Medical Expenses,Credit,$77.61
01/09/2023,Food,Debit,$95.25
10/09/2023,Travel,Debit,$87.73
07/01/2024,Gifts & Donations,Debit,$14.64
10/06/2023,Category,Credit,$91.82
24/08/2023,Entertainment,Credit,$81.95
15/12/2023,Social Activities,Debit,$24.24
08/11/2023,Medical Expenses,Debit,$46.65
13/03/2023,Personal Care,Credit,$86.02
29/05/2024,Social Activities,Debit,$42.08
15/05/2023,Personal Care,Debit,$64.55
01/02/2024,Entertainment,Debit,$20.96
18/06/2024,Personal Care,Credit,$69.39
20/06/2023,Social Activities,Debit,$52.03
21/04/2024,Category,Credit,$69.29
22/09/2023,Travel,Credit,$56.08
09/08/2023,Gifts & Donations,Credit,$13.73
09/01/2024,Travel,Credit,$39.96
19/11/2023,Social Activities,Debit,$78.80
07/04/2024,Food,Credit,$70.53
30/06/2023,Medical Expenses,Debit,$84.83
28/05/2023,Category,Credit,$31.68
26/01/2024,Transport,Credit,$69.23
07/06/2024,Transport,Debit,$37.16
09/05/2023,Travel,Debit,$38.88
23/08/2023,Entertainment,Credit,$20.89
07/07/2023,Category,Debit,$10.77
07/03/2024,Entertainment,Credit,$83.44
14/04/2024,Gifts & Donations,Credit,$35.19
14/07/2023,Gifts & Donations,Credit,$78.26
30/03/2024,Social Activities,Credit,$60.20
01/01/2024,Personal Care,Debit,$31.08
04/04/2023,Category,Debit,$45.11
26/11/2023,Transport,Debit,$81.20
15/01/2023,Category,Debit,$15.79
23/06/2023,Food,Credit,$62.11
02/04/2023,Personal Care,Credit,$38.94
14/01/2024,Medical Expenses,Credit,$40.23
21/02/2024,Medical Expenses,Credit,$29.55
14/01/2023,Entertainment,Debit,$35.40
26/09/2023,Gifts & Donations,Credit,$13.08
14/09/2023,Transport,Credit,$42.21
11/03/2023,Food,Credit,$26.17
22/10/2023,Transport,Credit,$47.99
01/01/2024,Entertainment,Credit,$78.91
20/03/2023,Gifts & Donations,Debit,$88.01
01/05/2023,Entertainment,Credit,$67.20
11/01/2024,Medical Expenses,Credit,$28.02
03/01/2023,Food,Debit,$85.94
08/04/2023,Travel,Debit,$27.30
10/12/2023,Travel,Debit,$97.26
15/01/2023,Social Activities,Debit,$27.87
10/11/2023,Personal Care,Credit,$24.39
15/03/2024,Entertainment,Credit,$12.49
18/04/2023,Entertainment,Debit,$43.41
16/03/2023,Food,Credit,$90.97
17/03/2024,Category,Credit,$63.19
19/04/2024,Gifts & Donations,Debit,$9.06
09/09/2023,Category,Credit,$84.97
26/01/2023,Medical Expenses,Debit,$89.29
01/07/2023,Social Activities,Debit,$55.93
10/03/2024,Transport,Debit,$74.81
15/02/2024,Travel,Credit,$81.29
31/12/2023,Food,Credit,$91.53
04/04/2023,Gifts & Donations,Debit,$14.49
22/02/2023,Social Activities,Credit,$75.77
21/02/2024,Entertainment,Debit,$69.40
27/02/2023,Gifts & Donations,Credit,$41.53
05/05/2024,Transport,Credit,$20.22
08/07/2023,Social Activities,Debit,$37.79
10/09/2023,Transport,Credit,$75.55
08/07/2023,Food,Credit,$51.26
16/04/2023,Food,Debit,$21.84
07/04/2024,Transport,Debit,$44.99
09/07/2023,Social Activities,Debit,$40.92
22/11/2023,Personal Care,Debit,$40.72
18/01/2023,Social Activities,Credit,$70.68
02/04/2023,Food,Debit,$46.71
02/03/2024,Gifts & Donations,Credit,$16.14
30/10/2023,Transport,Debit,$67.30
06/04/2023,Gifts & Donations,Debit,$77.67
29/09/2023,Gifts & Donations,Debit,$96.54
05/10/2023,Entertainment,Debit,$100.37
06/03/2023,Entertainment,Credit,$30.56
25/03/2024,Travel,Credit,$26.26
08/05/2024,Gifts & Donations,Debit,$64.67
28/03/2023,Category,Debit,$23.07
02/03/2023,Category,Credit,$53.57
15/04/2024,Travel,Debit,$94.36
23/01/2023,Transport,Debit,$75.48
14/04/2023,Social Activities,Credit,$46.72